{"cameraMode":{"drawMode":0,"name":"Shaded","section":"Shading Mode"},"sceneLighting":false,"audioPlay":false,"sceneViewState":{"showFog":true,"showMaterialUpdate":false,"showSkybox":false,"showFlares":true,"showImageEffects":true,"showParticleSystems":true},"in2DMode":false,"pivot":{"x":-2.934818744659424,"y":-2.01875901222229,"z":-6.721261978149414},"rotation":{"x":-0.23393762111663819,"y":0.25372374057769778,"z":-0.06338515132665634,"w":-0.936421811580658},"size":15.128410339355469,"orthographic":false}