{"cameraMode":{"drawMode":0,"name":"Shaded","section":"Shading Mode"},"sceneLighting":false,"audioPlay":false,"sceneViewState":{"showFog":true,"showMaterialUpdate":false,"showSkybox":false,"showFlares":true,"showImageEffects":true,"showParticleSystems":true},"in2DMode":false,"pivot":{"x":1.4388455152511597,"y":0.23895463347434998,"z":0.9080411195755005},"rotation":{"x":0.02305406704545021,"y":-0.9492359161376953,"z":0.3055301904678345,"w":0.07160633057355881},"size":1.6245522499084473,"orthographic":false}