{"cameraMode":{"drawMode":0,"name":"Shaded","section":"Shading Mode"},"sceneLighting":false,"audioPlay":false,"sceneViewState":{"showFog":true,"showMaterialUpdate":false,"showSkybox":false,"showFlares":true,"showImageEffects":true,"showParticleSystems":true},"in2DMode":false,"pivot":{"x":-0.93008953332901,"y":9.135336875915528,"z":-3.5944104194641115},"rotation":{"x":-0.3275701403617859,"y":0.46095922589302065,"z":-0.18803270161151887,"w":-0.8030380606651306},"size":19.549110412597658,"orthographic":false}